{"cameraMode":{"drawMode":0,"name":"Shaded","section":"Shading Mode"},"sceneLighting":true,"audioPlay":false,"sceneViewState":{"showFog":true,"showMaterialUpdate":false,"showSkybox":false,"showFlares":true,"showImageEffects":true,"showParticleSystems":true},"in2DMode":false,"pivot":{"x":-2.384185791015625e-7,"y":0.1399996280670166,"z":0.9904999732971191},"rotation":{"x":0.1160711944103241,"y":0.22493834793567658,"z":-0.026998449116945268,"w":0.9670623540878296},"size":0.7193476557731628,"orthographic":false}