{"cameraMode":{"drawMode":0,"name":"Shaded","section":"Shading Mode"},"sceneLighting":true,"audioPlay":false,"sceneViewState":{"showFog":true,"showMaterialUpdate":false,"showSkybox":false,"showFlares":true,"showImageEffects":true,"showParticleSystems":true},"in2DMode":false,"pivot":{"x":0.0,"y":0.13999998569488526,"z":1.0364999771118165},"rotation":{"x":0.1160711944103241,"y":0.22493834793567658,"z":-0.026998449116945268,"w":0.9670623540878296},"size":0.864787757396698,"orthographic":false}